Workbook

Sheet MasterData
A1: Field Name | B1: Product__r.ProductCode | C1: Product__r.Name | D1: External_Module__r.Part_Number__c
A2: [Product_External_Module__c] | B2: DYNMON-C-STD-GS-XXX | C2: Dynamic Monetization Standard Gold Subscription | D2: FNOC-DYNMON
A3: [Product_External_Module__c] | B3: FNC-IM-XXXX | C3: FlexNet Connect Instrumentation Management Perpetual License | D3: FNC-IM-PERP-APO
A4: [Product_External_Module__c] | B4: FNC-XXXX | C4: FlexNet Connect Perpetual License | D4: FNC-OP-PERP-APO
A5: [Product_External_Module__c] | B5: FNE-ANC-01 | C5: FlexNet Embedded Windows Embedded Compact C DK ARM-32 Platform Silver Subscription | D5: FNE Windows Embedded Compact ARM-32
A6: [Product_External_Module__c] | B6: FNE-ANC-02 | C6: FlexNet Embedded Debian Reference Linux C DK ARM-32 Platform Silver Subscription | D6: FNE Debian reference Linux ARM-32
A7: [Product_External_Module__c] | B7: FNE-ANC-03 | C7: FlexNet Embedded Debian Reference Linux C DK MIPS-32 Platform Silver Subscription | D7: FNE Debian reference Linux MIPS-32
A8: [Product_External_Module__c] | B8: FNE-ANC-04 | C8: FlexNet Embedded Debian Reference Linux C DK PPC-32 Platform Silver Subscription | D8: FNE Debian reference Linux PPC-32
A9: [Product_External_Module__c] | B9: FNE-ANC-05 | C9: FlexNet Embedded Windows C XT x86-32 Platform Silver Subscription | D9: FlexNet Embedded Windows x86-32
A10: [Product_External_Module__c] | B10: FNE-ANC-06 | C10: FlexNet Embedded Red Hat and CentOS Reference Linux C XT x86-32 Platform Silver Subscription | D10: FNE CentOS reference Linux x86-32
A11: [Product_External_Module__c] | B11: FNE-ANC-09 | C11: FlexNet Embedded VxWorks 6.X C DK MIPS-32 Platform Silver Subscription | D11: FlexNet Embedded VxWorks 6.x MIPS-32
A12: [Product_External_Module__c] | B12: FNE-ANC-10 | C12: FlexNet Embedded Windows Embedded Compact C DK x86-32 Platform Silver Subscription | D12: FNE Windows Embedded Compact x86-32
... A1089: [Product_External_Module__c] | B1089: FNP-UBLS-XXX | C1089: FlexNet Publisher Ubuntu Reference Linux LSB x86-64 Platform Silver Subscription | D1089: FlexNet Publisher Ubuntu Reference Linux LSB x86-64

Sheet RequiredData
B2: Part Number | C2: Part Number Name / Suite Name | D2: PLC2 Product Name (PLC1 Catalog Item)
B3: DYNMON-C-STD-GS-XXX | C3: Dynamic Monetization Standard Gold Subscription | D3: FNOC-DYNMON
B4: FNC-IM-XXXX | C4: FlexNet Connect Instrumentation Management Perpetual License | D4: FNC-IM-PERP-APO
B5: FNC-XXXX | C5: FlexNet Connect Perpetual License | D5: FNC-OP-PERP-APO
B6: FNE-ANC-01 | C6: FlexNet Embedded Windows Embedded Compact C DK ARM-32 Platform Silver Subscription | D6: FNE Windows Embedded Compact ARM-32
B7: FNE-ANC-02 | C7: FlexNet Embedded Debian Reference Linux C DK ARM-32 Platform Silver Subscription | D7: FNE Debian reference Linux ARM-32
B8: FNE-ANC-03 | C8: FlexNet Embedded Debian Reference Linux C DK MIPS-32 Platform Silver Subscription | D8: FNE Debian reference Linux MIPS-32
B9: FNE-ANC-04 | C9: FlexNet Embedded Debian Reference Linux C DK PPC-32 Platform Silver Subscription | D9: FNE Debian reference Linux PPC-32
B10: FNE-ANC-05 | C10: FlexNet Embedded Windows C XT x86-32 Platform Silver Subscription | D10: FlexNet Embedded Windows x86-32
B11: FNE-ANC-06 | C11: FlexNet Embedded Red Hat and CentOS Reference Linux C XT x86-32 Platform Silver Subscription | D11: FNE CentOS reference Linux x86-32
B12: FNE-ANC-09 | C12: FlexNet Embedded VxWorks 6.X C DK MIPS-32 Platform Silver Subscription | D12: FlexNet Embedded VxWorks 6.x MIPS-32
B13: FNE-ANC-10 | C13: FlexNet Embedded Windows Embedded Compact C DK x86-32 Platform Silver Subscription | D13: FNE Windows Embedded Compact x86-32
... B1090: FNP-UBLS-XXX | C1090: FlexNet Publisher Ubuntu Reference Linux LSB x86-64 Platform Silver Subscription | D1090: FlexNet Publisher Ubuntu Reference Linux LSB x86-64

Sheet RequiredProductCodes
A1: Product__r.ProductCode
A2: FNO-ALMG-XXXX
A3: FNO-ALMPL-XXXX
A4: FNO-ALMS-XXXX
A5: FNO-AOG-XXXX
A6: FNO-AOPL-XXXX
A7: FNO-AOS-XXXX
A8: FNO-C-G-XXX
A9: FNO-CLSG-XXXX
A10: FNO-CLSPL-XXXX
A11: FNO-CLSS-XXXX
A12: FNO-CMT-CL-GS-XXX
... A256: FNOOD-USDSS-XXX

Sheet FNO SKUs
C2: Part Number | D2: Part Number Name / Suite Name | E2: PLC2 Product Name (PLC1 Catalog Item) | F2: PLC2 Suite Description (PLC1 Catalog Item Name)
C3: FNO-ALMG-XXXX | D3: FlexNet Operations Advanced Lifecycle Management Gold Subscription | E3: FNO-ALMS-APO | F3: =IFERROR(VLOOKUP(E3,'PLC1 Details'!$B$3:$C$61,2,FALSE),"") -> FlexNet Operations Advanced Lifecycle Management Subscription
C4: FNO-ALMPL-XXXX | D4: FlexNet Operations Advanced Lifecycle Management Perpetual License | E4: FNO-ALMPL-APO | F4: =IFERROR(VLOOKUP(E4,'PLC1 Details'!$B$3:$C$61,2,FALSE),"") -> FlexNet Operations Advanced Lifecycle Management Perpetual
C5: FNO-ALMS-XXXX | D5: FlexNet Operations Advanced Lifecycle Management Silver Subscription | E5: FNO-ALMS-APO | F5: =IFERROR(VLOOKUP(E5,'PLC1 Details'!$B$3:$C$61,2,FALSE),"") -> FlexNet Operations Advanced Lifecycle Management Subscription
C6: FNO-AOG-XXXX | D6: FlexNet Operations Advanced Organization Management Gold Subscription | E6: FNO-AOMS-APO | F6: =IFERROR(VLOOKUP(E6,'PLC1 Details'!$B$3:$C$61,2,FALSE),"") -> FlexNet Operations Advanced Organization Management Subscription - APO
C7: FNO-AOPL-XXXX | D7: FlexNet Operations Advanced Organization Management Perpetual License | E7: FNO-AOMPL-APO | F7: =IFERROR(VLOOKUP(E7,'PLC1 Details'!$B$3:$C$61,2,FALSE),"") -> FlexNet Operations Advanced Organization Management Perpetual - APO
C8: FNO-AOS-XXXX | D8: FlexNet Operations Advanced Organization Management Silver Subscription | E8: FNO-AOMS-APO | F8: =IFERROR(VLOOKUP(E8,'PLC1 Details'!$B$3:$C$61,2,FALSE),"") -> FlexNet Operations Advanced Organization Management Subscription - APO
C9: FNO-C-G-XXX | D9: FlexNet Operations Cloud Gold Subscription | E9: FNOC-S | F9: =IFERROR(VLOOKUP(E9,'PLC1 Details'!$B$3:$C$61,2,FALSE),"") -> FlexNet Operations Cloud subscription
C10: FNO-CLSG-XXXX | D10: FlexNet Operations Cloud Licensing Service Gold Subscription | E10: FNO-CLSS-APO | F10: =IFERROR(VLOOKUP(E10,'PLC1 Details'!$B$3:$C$61,2,FALSE),"") -> FlexNet Operations Cloud Licensing Service Subscription
C11: FNO-CLSPL-XXXX | D11: FlexNet Operations Cloud Licensing Service Perpetual License | E11: FNO-CLSPL-APO | F11: =IFERROR(VLOOKUP(E11,'PLC1 Details'!$B$3:$C$61,2,FALSE),"") -> FlexNet Operations Cloud Licensing Service Perpetual
C12: FNO-CLSS-XXXX | D12: FlexNet Operations Cloud Licensing Service Silver Subscription | E12: FNO-CLSS-APO | F12: =IFERROR(VLOOKUP(E12,'PLC1 Details'!$B$3:$C$61,2,FALSE),"") -> FlexNet Operations Cloud Licensing Service Subscription
C13: FNO-CMT-CL-GS-XXX | D13: Cloud Monetization Cloud Gold Subscription | E13: FNOC-CMAPIS | F13: =IFERROR(VLOOKUP(E13,'PLC1 Details'!$B$3:$C$61,2,FALSE),"") -> FlexNet Operations Cloud – Cloud Monetization API
C14: FNO-CMT-CL-GS-XXX | D14: Cloud Monetization Cloud Gold Subscription | E14: FNOC-CMS | F14: =IFERROR(VLOOKUP(E14,'PLC1 Details'!$B$3:$C$61,2,FALSE),"") -> FlexNet Operations Cloud – Cloud Monetization
... C257: FNOOD-USDSS-XXX | D257: FlexNet Operations Cloud Flexera US Delivery Yearly Silver Subscription | E257: FNOC-Downloads | F257: =IFERROR(VLOOKUP(E257,'PLC1 Details'!$B$3:$C$61,2,FALSE),"") -> ESD Downloads

Sheet PLC1 Details
B2: Catalog Item ID | C2: Catalog Item Name | D2: Features (Combined)
B3: FNO | C3: FlexNet Operations Perpetual | D3: =IFERROR(VLOOKUP(B3,'Catalog-Feature Consolidated'!$B$3:$C$44,2,FALSE),"")
B4: FNO-AOMS-APO | C4: FlexNet Operations Advanced Organization Management Subscription - APO | D4: =IFERROR(VLOOKUP(B4,'Catalog-Feature Consolidated'!$B$3:$C$44,2,FALSE),"") -> FLEXnet_Ops.MultiTierSupport
B5: FNO-CLSS-APO | C5: FlexNet Operations Cloud Licensing Service Subscription | D5: =IFERROR(VLOOKUP(B5,'Catalog-Feature Consolidated'!$B$3:$C$44,2,FALSE),"") -> FlexNet_Ops.CldLicServ
B6: FNO-EVAL | C6: FlexNet Operations Evaluation | D6: =IFERROR(VLOOKUP(B6,'Catalog-Feature Consolidated'!$B$3:$C$44,2,FALSE),"")
B7: FNO-REN-APO | C7: FlexNet Operations Renewal - APO | D7: =IFERROR(VLOOKUP(B7,'Catalog-Feature Consolidated'!$B$3:$C$44,2,FALSE),"") -> flexnet_ops.renewal
B8: FNO-S-APO | C8: FlexNet Operations Subscription - APO | D8: =IFERROR(VLOOKUP(B8,'Catalog-Feature Consolidated'!$B$3:$C$44,2,FALSE),"") -> FLEXnet_Platform.Primary, FLEXnet_Ops.LicGeneration, FLEXnet_Ops.IntgLicGeneration, FLEXnet_Ops.SelfServLicGen, FLEXnet_Ops.Reporting, FLEXnet_Ops.CustomTechMgmt, FLEXnet_Ops.FLEXnetEmbedded
B9: FNO-UAI-APO | C9: FlexNet Operations Cloud Updates and Insights Subscription | D9: =IFERROR(VLOOKUP(B9,'Catalog-Feature Consolidated'!$B$3:$C$44,2,FALSE),"") -> FLEXnet_Ops.CustomTechMgmt, FLEXnet_Ops.FLEXnetEmbedded, FLEXnet_Ops.IntgLicGeneration, FLEXnet_Ops.LicGeneration, FLEXnet_Ops.Reporting, FLEXnet_Ops.SelfServLicGen, FLEXnet_Platform.Primary, flexnet_ops.updates, FlexNet_Ops.ESD
B10: FNOAOM | C10: FlexNet Operations Advanced Organization Management Perpetual | D10: =IFERROR(VLOOKUP(B10,'Catalog-Feature Consolidated'!$B$3:$C$44,2,FALSE),"")
B11: FNOC-AOMS | C11: FlexNet Operations Cloud Advanced Organization Management subscription | D11: =IFERROR(VLOOKUP(B11,'Catalog-Feature Consolidated'!$B$3:$C$44,2,FALSE),"") -> FLEXnet_Ops.MultiTierSupport
B12: FNOC-CLS | C12: FlexNet Operations Cloud - Cloud Licensing Service subscription | D12: =IFERROR(VLOOKUP(B12,'Catalog-Feature Consolidated'!$B$3:$C$44,2,FALSE),"") -> FlexNet_Ops.CldLicServ
B13: FNOC-DYMON | C13: FlexNet Operations Cloud- Dynamic Monetization | D13: =IFERROR(VLOOKUP(B13,'Catalog-Feature Consolidated'!$B$3:$C$44,2,FALSE),"") -> PAS.ElasticAccess
B14: FNOC-EVAL | C14: FlexNet Operations Cloud Evaluation | D14: =IFERROR(VLOOKUP(B14,'Catalog-Feature Consolidated'!$B$3:$C$44,2,FALSE),"")
... B61: FNOLLMS | C61: FlexNet Operations License Lifecycle Management Subscription | D61: =IFERROR(VLOOKUP(B61,'Catalog-Feature Consolidated'!$B$3:$C$44,2,FALSE),"")

Sheet Catalog-Feature Mapping-Master
B2: Catalog Item ID | C2: Feature Name | D2: Feature Description | E2: Version | F2: Units In Catalog Item
B3: FNOC-Accounts | C3: ActiveAccounts | D3: Active Accounts | E3: 1.0000 | F3: 1
B4: FNOC-Storage | C4: KilobytesStored | D4: ESD Storage | E4: 1.0000 | F4: 1048576
B5: FNOC-Downloads | C5: BytesDownloaded | D5: Downloads | E5: 1.0000 | F5: 1073741824
B6: FNOC-CLS | C6: FlexNet_Ops.CldLicServ | D6: FlexNet_Ops.CldLicServ12 | E6: 12.0
B7: FNOC-ALMS | C7: FLEXnet_Ops.LicChgMgmt | D7: FLEXnet_Ops.LicChgMgmt12 | E7: 12.0
B8: FNOC-ALMS | C8: FLEXnet_Ops.IntgLicChgMgmt | D8: FLEXnet_Ops.IntgLicChgMgmt12 | E8: 12.0
B9: FNOC-ALMS | C9: FLEXnet_Ops.SelfServLicChgMgmt | D9: FLEXnet_Ops.SelfServLicChgMgmt12 | E9: 12.0
B10: FNOC-ALMS | C10: FLEXnet_Ops.FeatureOverride | D10: FLEXnet_Ops.FeatureOverride12 | E10: 12.0
B11: FNOC-AOMS | C11: FLEXnet_Ops.MultiTierSupport | D11: FLEXnet_Ops.MultiTierSupport12 | E11: 12.0
B12: FNOC-EDS | C12: FlexNet_Ops.ESD | D12: FlexNet_Ops.ESD12 | E12: 12.0
B13: FNOC-SEDS | C13: FLEXnet_Platform.Primary | D13: FLEXnet_Platform.Primary12 | E13: 12.0
B14: FNOC-SEDS | C14: FLEXnet_Ops.LicGeneration | D14: FLEXnet_Ops.LicGeneration12 | E14: 12.0
B15: FNOC-SEDS | C15: FLEXnet_Ops.IntgLicGeneration | D15: FLEXnet_Ops.IntgLicGeneration12 | E15: 12.0
B16: FNOC-SEDS | C16: FLEXnet_Ops.SelfServLicGen | D16: FLEXnet_Ops.SelfServLicGen12 | E16: 12.0
B17: FNOC-SEDS | C17: FLEXnet_Ops.Reporting | D17: FLEXnet_Ops.Reporting12 | E17: 12.0
... B122: FNO-SAUAI-APO | C122: FLEXnet_Ops.IntgLicChgMgmt | D122: FLEXnet_Ops.IntgLicChgMgmt12 | E122: 12.0

Sheet Catalog-Feature Consolidated
B2: Catalog Item ID | C2: Features (Combined)
B3: FNOC-Accounts | C3: ActiveAccounts
B4: FNOC-Storage | C4: KilobytesStored
B5: FNOC-Downloads | C5: BytesDownloaded
B6: FNOC-CLS | C6: FlexNet_Ops.CldLicServ
B7: FNOC-ALMS | C7: FLEXnet_Ops.LicChgMgmt, FLEXnet_Ops.IntgLicChgMgmt, FLEXnet_Ops.SelfServLicChgMgmt, FLEXnet_Ops.FeatureOverride
B8: FNOC-AOMS | C8: FLEXnet_Ops.MultiTierSupport
B9: FNOC-EDS | C9: FlexNet_Ops.ESD
B10: FNOC-SEDS | C10: FLEXnet_Platform.Primary, FLEXnet_Ops.LicGeneration, FLEXnet_Ops.IntgLicGeneration, FLEXnet_Ops.SelfServLicGen, FLEXnet_Ops.Reporting, FlexNet_Ops.ESD
B11: FNOC-S | C11: FLEXnet_Platform.Primary, FLEXnet_Ops.LicGeneration, FLEXnet_Ops.IntgLicGeneration, FLEXnet_Ops.SelfServLicGen, FLEXnet_Ops.Reporting, FLEXnet_Ops.CustomTechMgmt, FLEXnet_Ops.FLEXnetEmbedded
B12: FNOC-UMSS | C12: FlexNet_Ops.UsageMgmt, FlexNet_Ops.CldLicServ
B13: FNOC-SFDC | C13: fno_sfdc_connector
... B44: FNO-SAUAI-APO | C44: FlexNet_Ops.ESD, FLEXnet_Ops.FLEXnetEmbedded, FLEXnet_Ops.IntgLicGeneration, FLEXnet_Ops.LicGeneration, FLEXnet_Ops.Reporting, FLEXnet_Platform.Primary, flexnet_ops.updates, flexnet_ops.anondevupdates, FLEXnet_Ops.IntgLicChgMgmt
